"id","donation_frequency","university","car","second_language","favourite_colour","movie_genre"
"1","Daily","Ecole Européen des Affaires","Toyota","Kyrgyz","Green","Comedy|Documentary"
"2","Yearly","University of Calicut","Chevrolet",NULL,"Teal","Drama"
"3","Weekly","Central Ostrobothnia University of Applied Science","Suzuki",NULL,"Purple","Action|Adventure|Thriller"
"4","Weekly","Universidad Autónoma del Estado de Hidalgo","Ford","Georgian","Maroon","Action|Comedy|Crime|Drama"
"5","Yearly",NULL,"Honda",NULL,"Yellow","Romance"
"6","Often","Universiti Teknikal Malaysia Melaka","Lexus","Korean","Maroon","Thriller"
"7","Weekly","Universidade Católica de Pelotas","BMW",NULL,"Puce","Comedy"
"8","Seldom","Azerbaijan National Conservatorie","GMC",NULL,"Red","Horror|Mystery|Thriller"
"9","Often",NULL,"Mercedes-Benz",NULL,"Orange","Children|Comedy|Fantasy"
"10","Once","Universidad Abierta y a Distancia de Panama","Ford",NULL,"Turquoise","Comedy"
"11","Never",NULL,"Maserati",NULL,"Purple","Comedy|Drama"
"12","Yearly",NULL,"Volkswagen",NULL,"Indigo","Action"
"13","Once","The Rockefeller University","Mazda",NULL,"Goldenrod","Action|Drama"
"14","Never","Kandahar University","Jeep",NULL,"Puce","Crime|Drama|Romance"
"15","Once","Seoul National University of Technology","Mercury",NULL,"Fuscia","Documentary|War"
"16","Monthly","Universidad del Turismo","Isuzu",NULL,"Maroon","Crime|Horror|Mystery|Sci-Fi|Thriller"
"17","Weekly","Ewha Women's University","Mitsubishi",NULL,"Mauv","Drama|Thriller"
"18","Never",NULL,"Ford","Azeri","Maroon","Comedy|Drama"
"19","Daily",NULL,"GMC",NULL,"Fuscia","Documentary"
"20","Monthly","Sherman College of Straight Chiropractic","Volkswagen",NULL,"Fuscia","Drama"
"21","Never",NULL,"Toyota","Macedonian","Blue","Action|Horror|Sci-Fi|Thriller"
"22","Often","Institut Catholique de Paris","Lexus","English","Indigo","Drama|Romance"
"23","Weekly","Soutsaka Institute of management and Technology","Oldsmobile","Khmer","Blue","Action|Adventure|Crime|Drama|Romance"
"24","Yearly","Kaya University","Chevrolet",NULL,"Fuscia","Documentary"
"25","Once",NULL,"Saturn",NULL,"Puce","Drama"
"26","Weekly","Muhimbili University of Health and Allied Sciences","Toyota","Bengali","Khaki","Drama"
"27","Never","Siebold University of Nagasaki","Mercury",NULL,"Turquoise","Western"
"28","Weekly",NULL,"GMC",NULL,"Khaki","Comedy"
"29","Yearly",NULL,"Chevrolet","Somali","Violet","Fantasy|Horror|Mystery|Romance"
"30","Once","Guangzhou University of Traditional Chinese Medici","Chevrolet",NULL,"Maroon","Comedy|Drama|Romance"
"31","Never","Hong Kong Baptist University","Ferrari","Armenian","Blue","Drama|Romance|War"
"32","Seldom",NULL,"Mercury",NULL,"Purple","Drama|Horror"
"33","Never",NULL,"Mercury","French","Pink","Comedy"
"34","Monthly",NULL,"Audi","Guaraní","Crimson","Documentary"
"35","Monthly","Universidad Nacional de Colombia","Buick",NULL,"Fuscia","Action|Comedy|Crime"
"36","Weekly",NULL,"Chevrolet","Arabic","Puce","Documentary"
"37","Yearly","Angelo State University","Volkswagen","Kyrgyz","Puce","Adventure|Children|Fantasy"
"38","Once","King's College","Pontiac","Burmese","Yellow","Action|Comedy"
"39","Weekly",NULL,"Ford","Kashmiri","Teal","Crime|Drama|Thriller"
"40","Yearly","Anna University of Technology, Tirunelveli","Dodge",NULL,"Teal","Action|Adventure|Animation|Children|Comedy|Fantasy"
"41","Often",NULL,"Ford",NULL,"Yellow","Documentary"
"42","Monthly",NULL,"Honda",NULL,"Turquoise","Documentary"
"43","Seldom","Universidad José Cecilio del Valle","Porsche","Nepali","Indigo","Documentary"
"44","Seldom","Beijing Language and Culture University","Buick",NULL,"Pink","Action|Comedy|Drama|Fantasy|Sci-Fi|IMAX"
"45","Once",NULL,"Mazda",NULL,"Blue","Children|Comedy|Drama"
"46","Seldom","University of Lusaka","Lexus","Indonesian","Pink","Comedy|Romance"
"47","Weekly",NULL,"Lamborghini","Georgian","Yellow","Horror|Thriller"
"48","Never",NULL,"Aston Martin","English","Green","Drama"
"49","Yearly","Alfaisal University","Mercury","Fijian","Mauv","Comedy"
"50","Once",NULL,"Lexus","Sotho","Pink","Action|Fantasy|Horror|Romance"
"51","Never","University of Akron","Plymouth",NULL,"Blue","Adventure"
"52","Weekly",NULL,"Acura","Khmer","Goldenrod","Adventure|Animation|Children|Sci-Fi"
"53","Seldom",NULL,"Buick",NULL,"Puce","Comedy"
"54","Seldom","Darul Huda Islamic University","Dodge",NULL,"Orange","Comedy"
"55","Monthly","Atlantic Union College","Porsche",NULL,"Mauv","Crime|Drama|Film-Noir|Thriller"
"56","Yearly",NULL,"Ford",NULL,"Fuscia","Animation|Children|Comedy"
"57","Weekly","Bakht Er-Ruda University","Ford",NULL,"Purple","Comedy|Documentary"
"58","Never","Aria Institute of Higher Education","Volkswagen","New Zealand Sign Language","Mauv","Crime|Drama|Horror"
"59","Yearly",NULL,"Mercedes-Benz",NULL,"Red","Comedy"
"60","Never","Frank Lloyd Wright School of Architecture","Nissan",NULL,"Goldenrod","Action|Adventure|Thriller"
"61","Never",NULL,"Lexus","Croatian","Crimson","Action|Adventure|Animation|Comedy|Fantasy|Sci-Fi"
"62","Never",NULL,"Chevrolet",NULL,"Aquamarine","Horror|Thriller"
"63","Yearly",NULL,"Pontiac",NULL,"Fuscia","Drama|War"
"64","Once","National College of Chiropractic","Lincoln",NULL,"Crimson","Mystery"
"65","Never","Tamil Nadu Dr. Ambedkar Law University","Suzuki",NULL,"Green","Comedy|Drama|Romance"
"66","Yearly",NULL,"Toyota",NULL,"Blue","Action|Romance|Thriller"
"67","Weekly","Shobhit University, Meerut","Hyundai","Oriya","Red","Documentary"
"68","Once","University of Technology Phnom Penh","Chevrolet","Catalan","Teal","Comedy"
"69","Often","Universidad del Caribe","Eagle",NULL,"Teal","Horror|Thriller"
"70","Seldom",NULL,"Acura",NULL,"Pink","Comedy|Romance"
"71","Daily","Tashkent Pharmaceutical Institute","Mazda",NULL,"Turquoise","Comedy|Drama"
"72","Never","Ecole Nationale Supérieure des Mines de Paris","Subaru","Gujarati","Fuscia","Drama"
"73","Never",NULL,"Saab","Croatian","Red","Comedy"
"74","Often","Instituto Universitario de Estudios Navales y Marí","Mercury",NULL,"Mauv","Documentary"
"75","Monthly","Sherman College of Straight Chiropractic","GMC",NULL,"Mauv","Drama"
"76","Once",NULL,"Chevrolet","Luxembourgish","Maroon","Documentary"
"77","Yearly","Saint Louis University","Toyota",NULL,"Crimson","Comedy"
"78","Daily","Technological Education Institute of Patras","Mercedes-Benz",NULL,"Indigo","Comedy|Drama"
"79","Never","Curtin University of Technology","Lotus","Kashmiri","Fuscia","Drama"
"80","Seldom","Nara Medical University","Pontiac","Khmer","Yellow","Adventure|Children|Sci-Fi"
"81","Yearly",NULL,"Ford","Tsonga","Goldenrod","Crime|Drama|Film-Noir"
"82","Once","Petrozavodsk State University","Ford","Hiri Motu","Pink","Animation|Children|Comedy|Romance"
"83","Once",NULL,"Volvo","Hungarian","Orange","Adventure|Animation|Comedy"
"84","Yearly","Kanagawa Dental College","Audi","Kannada","Goldenrod","Sci-Fi|Thriller"
"85","Daily","Universidad Católica Nordestana","Suzuki","Tamil","Blue","Documentary"
"86","Yearly",NULL,"Honda","Filipino","Orange","Drama|Thriller"
"87","Seldom",NULL,"Toyota",NULL,"Green","Comedy|Drama|Romance|Thriller"
"88","Weekly","Instituto Universitario de Ciencias de la Salud Fu","Ford",NULL,"Purple","Action|Adventure|Crime|Mystery"
"89","Daily","Drexel University","Nissan",NULL,"Yellow","Drama"
"90","Never","Central Philippine University","GMC",NULL,"Pink","Comedy|Drama|Romance"
"91","Monthly",NULL,"Ford",NULL,"Blue","Comedy|Drama"
"92","Seldom",NULL,"Pontiac",NULL,"Turquoise","Documentary"
"93","Never",NULL,"Alfa Romeo",NULL,"Khaki","Comedy"
"94","Daily",NULL,"Chrysler","Macedonian","Puce","Drama|Horror"
"95","Yearly","Dominican University","Honda","Amharic","Pink","Crime|Drama"
"96","Weekly",NULL,"Toyota","Aymara","Goldenrod","Crime|Drama|Mystery"
"97","Monthly","International Turkmen Turkish University","Scion","Northern Sotho","Teal","Drama|Fantasy|Horror|Romance"
"98","Seldom",NULL,"Lamborghini","Papiamento","Teal","Documentary"
"99","Yearly","University of Trinidad and Tobago","Kia",NULL,"Green","Comedy|Romance"
"100","Monthly","Mountains of the Moon University","Mercury","Oriya","Aquamarine","Comedy|Romance"
"101","Daily",NULL,"Acura","English","Puce","Comedy|Drama"
"102","Daily",NULL,"Ford",NULL,"Red","Documentary|Musical"
"103","Yearly","Chongju National University of Education","Jeep","Finnish","Khaki","Action|Animation"
"104","Seldom","Trinity International University (Excel), Miami","Jeep",NULL,"Pink","Drama|Mystery|Romance"
"105","Once","American University of Science and Technology","Lincoln",NULL,"Crimson","Drama"
"106","Once","China Pharmaceutical University Nanjing","Mazda","Japanese","Pink","Drama"
"107","Never","Visvesvaraya Technological University","Ford",NULL,"Green","Drama"
"108","Monthly","Universidad Nacional José Faustino Sánchez Carrión","Ford",NULL,"Blue","Comedy|Romance"
"109","Seldom","Pittsburg State University","Dodge",NULL,"Teal","Animation|Comedy|Fantasy|Sci-Fi"
"110","Yearly",NULL,"GMC",NULL,"Violet","Drama"
"111","Often","Illinois Institute of Technology","Mercedes-Benz","Somali","Turquoise","Crime|Drama|Film-Noir"
"112","Never","Central Institute of Fisheries Education","BMW",NULL,"Red","Drama|Mystery|Thriller"
"113","Never","University of Ulster","Audi","Kashmiri","Pink","Comedy|Romance"
"114","Seldom",NULL,"Chevrolet",NULL,"Goldenrod","Comedy"
"115","Weekly","University Institute of Oriental Studies","Mitsubishi",NULL,"Khaki","Thriller"
"116","Often",NULL,"Toyota","Somali","Indigo","Drama|War"
"117","Once",NULL,"Plymouth","Malagasy","Red","Drama|Romance|War"
"118","Seldom",NULL,"Ford",NULL,"Green","Horror|Sci-Fi"
"119","Weekly",NULL,"Nissan",NULL,"Violet","Comedy|Horror|Mystery"
"120","Weekly",NULL,"Infiniti",NULL,"Crimson","Thriller"
"121","Monthly",NULL,"Daewoo",NULL,"Orange","Drama|Horror|Sci-Fi"
"122","Never",NULL,"Mercury",NULL,"Goldenrod","Horror|Sci-Fi|Thriller"
"123","Seldom","Sunmoon University","Mitsubishi",NULL,"Blue","Drama|War"
"124","Weekly","Université Pierre Mendes-France (Grenoble II)","Suzuki",NULL,"Yellow","Drama|Romance"
"125","Often","Minia University","Pontiac",NULL,"Green","Documentary"
"126","Once",NULL,"Geo",NULL,"Violet","Comedy|Mystery|Thriller"
"127","Daily",NULL,"MINI",NULL,"Teal","Comedy|Romance"
"128","Weekly",NULL,"Chevrolet",NULL,"Yellow","(no genres listed)"
"129","Seldom",NULL,"Volkswagen","Gagauz","Aquamarine","Thriller"
"130","Daily","Ithaca College","Mercedes-Benz","Persian","Mauv","Comedy|Romance"
"131","Seldom",NULL,"Land Rover","Punjabi","Khaki","Comedy|Fantasy|Horror|Musical|Thriller"
"132","Often",NULL,"Lexus","Tetum","Red","Comedy|Romance"
"133","Once","Odessa State Academy of Construction and Architect","Mazda",NULL,"Violet","Drama"
"134","Monthly","Swansea Metropolitan University","Chevrolet","Swahili","Pink","Drama"
"135","Often",NULL,"Suzuki","Bulgarian","Mauv","Drama|Romance"
"136","Once",NULL,"Mercedes-Benz","Mongolian","Orange","Animation|Children|Musical"
"137","Weekly","Universität Köln","Toyota",NULL,"Fuscia","Action|Thriller"
"138","Weekly","Fuji Women's College","Toyota",NULL,"Teal","Adventure|Comedy"
"139","Often","College of New Caledonia","Ford",NULL,"Yellow","Comedy|Fantasy|Romance"
"140","Yearly","Florida Gulf Coast University","Holden","Fijian","Khaki","Adventure|Animation|Children"
"141","Often",NULL,"GMC",NULL,"Fuscia","Comedy"
"142","Often",NULL,"Pontiac",NULL,"Turquoise","Documentary"
"143","Daily","Belarussian State University of Informatics and Ra","Ford",NULL,"Red","Action|Comedy|Crime|Thriller"
"144","Seldom","Mercyhurst College","Lexus",NULL,"Khaki","Comedy"
"145","Yearly",NULL,"BMW",NULL,"Puce","Comedy"
"146","Yearly","Centro de Estudios Universitarios Monterrey","Saturn",NULL,"Fuscia","Animation|Children|Musical"
"147","Never","Sur University College","Mitsubishi","Swahili","Orange","Drama"
"148","Seldom","Wilfrid Laurier University","Cadillac","Bengali","Mauv","Drama|Horror"
"149","Daily",NULL,"Jaguar",NULL,"Teal","Crime"
"150","Seldom",NULL,"Toyota",NULL,"Mauv","Thriller"
"151","Once","Ballsbridge University ","Chevrolet",NULL,"Teal","Drama"
"152","Yearly","University of Debrecen ","Rolls-Royce",NULL,"Crimson","Drama"
"153","Daily","Lorestan University","Subaru",NULL,"Violet","Horror|Sci-Fi|Thriller"
"154","Yearly",NULL,"Honda",NULL,"Fuscia","Comedy"
"155","Monthly","Himeji Dokkyo University","Audi",NULL,"Green","Documentary"
"156","Seldom",NULL,"Volvo",NULL,"Puce","Drama|Thriller|War"
"157","Often",NULL,"Infiniti","Persian","Blue","Drama"
"158","Daily",NULL,"Pontiac","Khmer","Purple","Thriller"
"159","Seldom",NULL,"Mercedes-Benz",NULL,"Yellow","Comedy"
"160","Monthly","Ecole Polytechnique","Cadillac",NULL,"Yellow","Drama|Western"
"161","Once",NULL,"Volvo","Kyrgyz","Yellow","Drama|Mystery|Thriller"
"162","Seldom","Modern Sciences & Arts University","Volvo",NULL,"Fuscia","Drama"
"163","Monthly",NULL,"Land Rover","Tswana","Turquoise","Action|Horror|Sci-Fi|Thriller"
"164","Daily","Universität Fridericana Karlsruhe (Technische Hoch","Ford","Swedish","Khaki","Adventure|Comedy|Fantasy"
"165","Never","Kerala University of Fisheries and Ocean Sciences","Toyota",NULL,"Green","Documentary"
"166","Often",NULL,"BMW",NULL,"Red","Crime|Film-Noir|Romance"
"167","Daily","Kanazawa College of Economics","Saab",NULL,"Blue","Drama"
"168","Never","Ecole Nationale Supérieur de Géologie de Nancy","Volvo","New Zealand Sign Language","Red","Comedy"
"169","Daily",NULL,"Volvo",NULL,"Aquamarine","Drama"
"170","Weekly","Universitas Negeri Yogyakarta","BMW",NULL,"Violet","Drama"
"171","Once","Universidad ICESI","GMC",NULL,"Purple","Crime|Drama|Thriller"
"172","Daily","Mount Senario College","Dodge",NULL,"Turquoise","Comedy"
"173","Seldom","Al Turath University College","Ford",NULL,"Teal","Drama|War"
"174","Seldom","Ho Chi Minh City University of Foreign Languages a","Chevrolet","Irish Gaelic","Yellow","Drama|Thriller"
"175","Yearly","Universidad Catolica de Temuco","Volkswagen",NULL,"Red","Horror|Thriller"
"176","Yearly",NULL,"Ford","Bislama","Mauv","Adventure|Comedy|Romance"
"177","Weekly",NULL,"Infiniti",NULL,"Yellow","Animation|Drama"
"178","Weekly",NULL,"Lincoln",NULL,"Indigo","Comedy"
"179","Once",NULL,"Audi",NULL,"Indigo","Comedy"
"180","Once",NULL,"Dodge",NULL,"Teal","Drama|Romance|War"
"181","Once","Ilia Chavchavadze State University","Volkswagen",NULL,"Red","Drama|Horror|Thriller"
"182","Yearly","Kochi University","Ford",NULL,"Orange","(no genres listed)"
"183","Once",NULL,"Lincoln","Somali","Mauv","Comedy|Thriller"
"184","Seldom","Semmelweis University of Medical Sciences","Jeep",NULL,"Indigo","Drama|Musical"
"185","Daily",NULL,"Mitsubishi",NULL,"Blue","Action|Crime|Fantasy"
"186","Weekly",NULL,"Honda",NULL,"Red","Drama"
"187","Often",NULL,"Mercedes-Benz",NULL,"Purple","Crime|Drama"
"188","Seldom",NULL,"Toyota",NULL,"Blue","Action|Adventure|Animation"
"189","Monthly",NULL,"Mitsubishi",NULL,"Pink","Crime|Drama"
"190","Seldom","University of Development Alternative","Chevrolet","Icelandic","Blue","Children|Comedy|Sci-Fi"
"191","Yearly",NULL,"Maybach","Yiddish","Mauv","Drama|Romance"
"192","Monthly",NULL,"Audi",NULL,"Purple","Comedy"
"193","Seldom",NULL,"Maybach","Finnish","Fuscia","Mystery|Sci-Fi|Thriller"
"194","Seldom",NULL,"Chrysler","Dutch","Pink","Action|Animation|Crime"
"195","Daily",NULL,"Mazda",NULL,"Purple","Animation|Children|Musical"
"196","Never",NULL,"Infiniti",NULL,"Green","Documentary"
"197","Weekly",NULL,"Chevrolet",NULL,"Maroon","Horror|Thriller"
"198","Once","University of Science & Technology Bannu","Jeep",NULL,"Fuscia","Comedy|Drama"
"199","Daily",NULL,"Dodge",NULL,"Crimson","Comedy|Drama|Romance"
"200","Weekly","KBU International College","Ford",NULL,"Turquoise","Drama|Romance"
"201","Daily",NULL,"Chevrolet",NULL,"Pink","Comedy"
"202","Seldom",NULL,"Chevrolet","Portuguese","Pink","Comedy"
"203","Never",NULL,"Chevrolet",NULL,"Red","Western"
"204","Yearly","University Center ""César Ritz""","Porsche","Guaraní","Blue","Documentary"
"205","Never","California Polytechnic State University - San Luis","Volvo",NULL,"Fuscia","Comedy"
"206","Daily",NULL,"Mazda",NULL,"Pink","Comedy|Musical"
"207","Never","East-Siberian State University of Technology","Buick","Latvian","Aquamarine","Western"
"208","Weekly",NULL,"Toyota","Romanian","Khaki","Comedy|Romance"
"209","Never","Lakeland College","Toyota",NULL,"Red","Comedy"
"210","Often",NULL,"Mitsubishi",NULL,"Aquamarine","Horror|Mystery|Thriller"
"211","Monthly",NULL,"Suzuki","Māori","Khaki","Documentary"
"212","Weekly","Wilkes University","Saturn",NULL,"Yellow","Comedy|Drama|Horror"
"213","Monthly","Louisiana State University Health Sciences Center ","Mazda",NULL,"Orange","Children|Drama"
"214","Never","Busitema University","BMW",NULL,"Purple","Action|Animation|Children|Fantasy"
"215","Often","Universidad Católica Cardenal Raúl Silva Henríquez","Bentley",NULL,"Crimson","Drama"
"216","Once","Universidade da Amazônia","Bentley","Ndebele","Khaki","Adventure|Animation"
"217","Weekly","Columbia College of Missouri","Chevrolet",NULL,"Khaki","Comedy|Drama|Thriller"
"218","Yearly",NULL,"Ferrari",NULL,"Violet","Comedy"
"219","Often","Belarussian State Polytechnical Academy","Nissan",NULL,"Purple","Comedy|Crime|Thriller"
"220","Yearly",NULL,"Chevrolet",NULL,"Pink","Comedy"
"221","Weekly","Leon Kozminski Academy of Entrepreneurship and Man","Chevrolet",NULL,"Purple","Drama|Romance"
"222","Never",NULL,"GMC","Luxembourgish","Teal","Action"
"223","Once","Universität Mozarteum Salzburg","Acura",NULL,"Puce","Animation|Comedy|Fantasy|Musical"
"224","Yearly",NULL,"Lexus",NULL,"Khaki","Sci-Fi"
"225","Daily",NULL,"Toyota","Dutch","Khaki","Comedy|Horror"
"226","Weekly","Finlandia University","Mazda",NULL,"Aquamarine","Children|Drama"
"227","Once","Semey State University","Buick","Guaraní","Goldenrod","Action|Drama|Romance"
"228","Once","Philippine Women's University","Audi",NULL,"Aquamarine","Drama|Horror"
"229","Never","Sardarkrushinagar Dantiwada Agricultural Universit","Lexus",NULL,"Goldenrod","Action|Thriller|Western"
"230","Often","University of Haifa","Jeep",NULL,"Indigo","Drama"
"231","Seldom",NULL,"Pontiac",NULL,"Maroon","Comedy"
"232","Weekly",NULL,"Pontiac",NULL,"Goldenrod","Adventure|Drama|War"
"233","Never",NULL,"Volkswagen","Moldovan","Maroon","Children|Fantasy|Musical"
"234","Monthly","Universidad José Maria Vargas","Chevrolet",NULL,"Yellow","Crime|Thriller|War"
"235","Daily","Universitas Kristen Maranatha","Hummer","New Zealand Sign Language","Aquamarine","Comedy|Drama|Romance"
"236","Seldom",NULL,"Chevrolet",NULL,"Violet","Comedy|Drama|Romance"
"237","Daily",NULL,"Subaru",NULL,"Puce","Drama|War"
"238","Never",NULL,"Mercedes-Benz",NULL,"Indigo","Comedy"
"239","Yearly","Technische Universität Darmstadt","Audi",NULL,"Indigo","Drama"
"240","Monthly","Nizhny Novgorod State Architectural - Building Uni","Honda",NULL,"Crimson","Comedy"
"241","Yearly",NULL,"Saab",NULL,"Purple","Action|Adventure"
"242","Yearly",NULL,"Mitsubishi",NULL,"Aquamarine","Drama"
"243","Never","University of New England","Audi",NULL,"Puce","Crime|Drama|Film-Noir|Mystery|Thriller"
"244","Daily",NULL,"Honda","Bosnian","Aquamarine","Drama"
"245","Weekly","Universidad de Oriente","Suzuki","Irish Gaelic","Mauv","Drama|Romance"
"246","Daily","Berry College","Buick","Persian","Fuscia","Drama"
"247","Seldom","Kagawa Medical School","Lamborghini","Nepali","Mauv","Crime|Drama"
"248","Weekly","Islamic Azad University, Bandar Abbas","Mercedes-Benz","Malayalam","Blue","Comedy|Sci-Fi"
"249","Monthly","Universidad Autónoma Metropolitana - Azcapotzalco","Ford",NULL,"Goldenrod","Drama"
"250","Monthly","Pennsylvania State University Delaware County","Dodge",NULL,"Aquamarine","Comedy|Romance"
"251","Never",NULL,"GMC",NULL,"Indigo","Comedy"
"252","Daily","Bluefield College","Toyota",NULL,"Aquamarine","Comedy|Drama"
"253","Yearly","Kazan State Finance and Economics Institute ","Chevrolet",NULL,"Mauv","Comedy"
"254","Daily","University of Salerno","Chevrolet",NULL,"Violet","Horror|Thriller"
"255","Often",NULL,"Oldsmobile","Latvian","Orange","Comedy"
"256","Often","B. R. Ambedkar Bihar University","Toyota",NULL,"Pink","Comedy"
"257","Often","Universidad Nacional Jorge Basadre Grohmann","BMW",NULL,"Maroon","Drama"
"258","Seldom",NULL,"Porsche",NULL,"Turquoise","Drama"
"259","Daily",NULL,"Pontiac",NULL,"Crimson","Comedy|Crime|Romance"
"260","Seldom","Excelsior College","Land Rover",NULL,"Mauv","Documentary"
"261","Monthly",NULL,"Lexus",NULL,"Pink","Comedy|Romance"
"262","Weekly","Internationale Fachhochschule Aalen","Ford",NULL,"Goldenrod","Action|Animation|Sci-Fi|Western"
"263","Seldom",NULL,"Dodge",NULL,"Orange","Crime|Thriller"
"264","Daily","Colegio de San Juan de Letran","Lexus","Lao","Blue","Drama|Horror|Thriller"
"265","Often","City University of New York, Hunter College","Cadillac",NULL,"Green","Western"
"266","Often","The Union Institute","GMC",NULL,"Purple","Thriller"
"267","Seldom","The Queen's University Belfast","Land Rover","Dutch","Teal","Comedy"
"268","Yearly","Hokkaido Institute of Technology","Chevrolet",NULL,"Purple","Horror|Sci-Fi|Thriller"
"269","Monthly",NULL,"Land Rover",NULL,"Purple","Drama|Romance|Western"
"270","Often","Drexel University","Lexus",NULL,"Aquamarine","Comedy|Romance|Western"
"271","Often",NULL,"Volvo",NULL,"Indigo","Action"
"272","Once","Ecole Nationale d'Administration","Lincoln",NULL,"Blue","Action|Comedy|Sci-Fi"
"273","Once","Fachhochschule Kiel","Infiniti",NULL,"Yellow","Action|Sci-Fi"
"274","Never","Islamic Azad University, Tafresh","Lexus","Korean","Orange","Drama|Mystery|Romance"
"275","Monthly",NULL,"Mercedes-Benz","Arabic","Crimson","Drama|Thriller"
"276","Once","Roosevelt Academy University College","Jeep",NULL,"Khaki","Drama|War"
"277","Yearly","Salem State College","Daewoo","Malay","Khaki","Crime|Drama"
"278","Weekly",NULL,"Chevrolet","Aymara","Purple","Drama|Horror|Mystery"
"279","Yearly","Messiah College","Mazda","Kurdish","Crimson","Animation|Comedy|Sci-Fi"
"280","Once","Universidad Autónoma de Occidente","Acura",NULL,"Aquamarine","Drama"
"281","Once","Universidad Adventista de Chile","Chevrolet","Tok Pisin","Pink","Drama"
"282","Monthly","Dar Al-Uloom Colleges","Mitsubishi","Kashmiri","Red","Drama"
"283","Never",NULL,"Buick",NULL,"Aquamarine","Documentary"
"284","Once",NULL,"Mercury",NULL,"Teal","Animation|Comedy"
"285","Weekly",NULL,"Pontiac",NULL,"Indigo","Drama"
"286","Seldom",NULL,"Dodge",NULL,"Aquamarine","Documentary"
"287","Weekly",NULL,"Pontiac",NULL,"Purple","Sci-Fi|Thriller"
"288","Never",NULL,"BMW",NULL,"Turquoise","Drama"
"289","Once","Instituto Politécnico de Portalegre","Lotus",NULL,"Violet","Romance|Western"
"290","Monthly","Rheinische Fachhochschule Köln","Saturn",NULL,"Mauv","Horror"
"291","Often",NULL,"Chrysler",NULL,"Blue","Action|Adventure|Drama"
"292","Weekly",NULL,"Lexus","Kyrgyz","Khaki","Comedy"
"293","Monthly",NULL,"Subaru",NULL,"Teal","Comedy"
"294","Often","Athenaeum of Ohio","Mercedes-Benz",NULL,"Pink","Comedy"
"295","Once",NULL,"BMW",NULL,"Mauv","Comedy|Romance"
"296","Once",NULL,"Suzuki","Italian","Purple","Comedy|Drama"
"297","Weekly","New Mexico State University","Ford",NULL,"Blue","Drama"
"298","Weekly",NULL,"Volvo",NULL,"Red","Adventure|Animation|Fantasy|Romance"
"299","Never","Niagara University","Dodge","Kurdish","Puce","Documentary"
"300","Daily",NULL,"Volkswagen","Amharic","Violet","Drama|Musical"
"301","Yearly",NULL,"BMW",NULL,"Crimson","Horror|Thriller"
"302","Seldom","Eastern Asia University","Hyundai",NULL,"Pink","Adventure|Drama"
"303","Yearly",NULL,"Hyundai","Afrikaans","Indigo","Action|Adventure|Animation|Children|Comedy"
"304","Often","Universitat de Barcelona","Toyota",NULL,"Yellow","Comedy|Drama|Romance"
"305","Weekly",NULL,"Nissan",NULL,"Green","Comedy"
"306","Yearly",NULL,"Chrysler",NULL,"Aquamarine","Comedy|Drama"
"307","Daily","Private College of Dentistry and Pharmacy","Porsche","Moldovan","Indigo","Adventure|Children|Fantasy"
"308","Daily","Memphis College of Art","Infiniti",NULL,"Yellow","Drama|Thriller"
"309","Seldom",NULL,"Volkswagen",NULL,"Crimson","Children|Comedy|Drama"
"310","Seldom",NULL,"Mitsubishi",NULL,"Violet","Horror|Thriller"
"311","Never","Lane College","Mitsubishi",NULL,"Fuscia","Comedy|Romance"
"312","Often",NULL,"Honda",NULL,"Khaki","Comedy|Drama|Musical"
"313","Yearly","Anton de Kom University","Chevrolet",NULL,"Yellow","Fantasy|Horror|Mystery|Thriller"
"314","Once",NULL,"Cadillac",NULL,"Pink","Comedy"
"315","Daily",NULL,"Lincoln",NULL,"Aquamarine","Horror"
"316","Often","University of Notre Dame","Chevrolet","Kashmiri","Goldenrod","Documentary"
"317","Seldom","Southampton Solent University","Audi",NULL,"Goldenrod","Crime|Drama|Horror|Thriller"
"318","Never","University of Cape Coast","Buick",NULL,"Goldenrod","Drama"
"319","Never","Universidad de Bogotá ""Jorge Tadeo Lozano""","Cadillac",NULL,"Goldenrod","Adventure|Fantasy"
"320","Yearly","Bellin College of Nursing","Toyota","Tsonga","Aquamarine","Documentary"
"321","Yearly","Universidade Federal de Uberlândia","Subaru","Telugu","Blue","Drama|Film-Noir"
"322","Never",NULL,"Mercedes-Benz",NULL,"Green","Comedy|Drama|Romance"
"323","Daily","Atlanta Christian College","Ford","Luxembourgish","Puce","Adventure|Comedy|Drama"
"324","Weekly",NULL,"Toyota",NULL,"Turquoise","Adventure|Fantasy|Romance"
"325","Daily",NULL,"Volkswagen","Hungarian","Green","Drama"
"326","Seldom","Alma College","Mitsubishi","Bulgarian","Yellow","Horror"
"327","Once","Islamic Azad University, North Tehran","Lincoln",NULL,"Red","Comedy|Crime"
"328","Yearly",NULL,"Subaru",NULL,"Turquoise","Crime|Drama|Film-Noir|Thriller"
"329","Never","Lancaster University Ghana","BMW",NULL,"Turquoise","Drama"
"330","Daily",NULL,"Ford",NULL,"Orange","Adventure|Sci-Fi|Thriller"
"331","Seldom",NULL,"Pontiac",NULL,"Goldenrod","Comedy"
"332","Often",NULL,"Chevrolet",NULL,"Pink","Drama"
"333","Seldom","University of Akron","Mercedes-Benz","Finnish","Aquamarine","Drama|Film-Noir|Mystery|Romance"
"334","Seldom","Russian Academy of Arts","Audi","Burmese","Pink","Drama|Thriller"
"335","Never",NULL,"GMC",NULL,"Yellow","Horror"
"336","Yearly",NULL,"Honda",NULL,"Red","Drama"
"337","Monthly","Universidad Intercontinental","Foose",NULL,"Turquoise","Comedy|Crime"
"338","Never","International Burch University","BMW","Catalan","Pink","Comedy|Romance"
"339","Seldom",NULL,"Land Rover",NULL,"Yellow","Documentary"
"340","Seldom",NULL,"Buick","Swedish","Yellow","Comedy|Drama"
"341","Yearly",NULL,"Ford",NULL,"Green","Comedy|Drama"
"342","Yearly",NULL,"Ford",NULL,"Indigo","Drama"
"343","Often","Universidad del Tolima","Bentley",NULL,"Puce","Drama"
"344","Weekly","Montanuniversität Leoben","GMC",NULL,"Puce","Comedy"
"345","Daily","Strayer University","Mercedes-Benz",NULL,"Blue","Adventure|Comedy|Fantasy|Romance|IMAX"
"346","Monthly","Ambrose Alli University","Chevrolet","Tetum","Indigo","Drama|Romance"
"347","Once",NULL,"Oldsmobile",NULL,"Maroon","Comedy|Romance"
"348","Never",NULL,"Mitsubishi","Malagasy","Pink","Comedy|Drama"
"349","Never",NULL,"Suzuki",NULL,"Indigo","Adventure|Drama"
"350","Never","Rocky Mountain College","GMC","Macedonian","Pink","Comedy"
"351","Often","Universidade Estadual do Norte Fluminense","Mazda",NULL,"Purple","Adventure|Sci-Fi|Thriller"
"352","Never","Instituto Tecnológico de Santo Domingo","Ford","Catalan","Purple","Documentary"
"353","Weekly",NULL,"Chevrolet",NULL,"Goldenrod","Comedy|Romance"
"354","Once",NULL,"Volkswagen",NULL,"Pink","Documentary"
"355","Yearly","University of Halifax, Birmingham Campus","Ford",NULL,"Purple","Drama"
"356","Yearly","Omsk State Technical University","Scion",NULL,"Pink","Drama|Mystery"
"357","Seldom",NULL,"Chrysler","Nepali","Yellow","Drama|Romance"
"358","Yearly",NULL,"Infiniti",NULL,"Green","Adventure|Fantasy|Sci-Fi"
"359","Daily",NULL,"Volkswagen","Belarusian","Violet","Drama"
"360","Weekly",NULL,"Nissan",NULL,"Orange","Action|Adventure"
"361","Seldom","Universiti Kebangsaan Malaysia","GMC","Romanian","Goldenrod","Drama|Romance"
"362","Once",NULL,"Ford",NULL,"Pink","Comedy|Romance"
"363","Daily","Instituto Politécnico do Cávado e do Ave","Kia",NULL,"Teal","Drama"
"364","Yearly","Sripatum University","Buick",NULL,"Indigo","Action|Horror|Sci-Fi"
"365","Often","Kerala Agricultural University","Pontiac","Guaraní","Mauv","Comedy|Drama|Romance"
"366","Weekly",NULL,"Saturn",NULL,"Blue","Comedy|Drama|Romance"
"367","Seldom","CCS Haryana Agricultural University","Hyundai",NULL,"Yellow","Drama"
"368","Weekly","University of Agriculture and Veterinary Medicine ","Honda",NULL,"Yellow","Comedy|Drama|Romance"
"369","Yearly","Jawaharlal Nehru Centre for Advanced  Scientific R","Mercury","Bosnian","Purple","Drama"
"370","Once","Hodges University","Nissan","Dari","Blue","Animation|Children|Comedy|Drama|Fantasy"
"371","Daily","Universidad Tecnológica Equinoccial","Ford",NULL,"Green","Comedy|Drama"
"372","Weekly","Indiana University at South Bend","Ford",NULL,"Green","Drama|War"
"373","Seldom","FAE Business School - Faculdade de Administração e","Mazda",NULL,"Blue","Horror"
"374","Never",NULL,"Hyundai","Aymara","Crimson","Comedy|Drama"
"375","Once",NULL,"Ford",NULL,"Puce","Thriller"
"376","Often","University of North Carolina at Pembroke","Chevrolet","Azeri","Puce","Comedy"
"377","Weekly","Hebei Agricultural University","Acura",NULL,"Goldenrod","Comedy|Romance"
"378","Yearly","Luther College","Ford","Somali","Aquamarine","Drama"
"379","Seldom",NULL,"Volvo",NULL,"Fuscia","Comedy|Crime|Drama|Thriller"
"380","Often","Universidad Nacional de La Matanza","Suzuki","Arabic","Orange","Drama|Mystery"
"381","Seldom",NULL,"Audi",NULL,"Indigo","Drama|Mystery|Thriller"
"382","Daily","Shandong University of Triaditional Chinese Medici","Subaru",NULL,"Fuscia","Comedy"
"383","Weekly","I.M. Sechenov Moscow Medical Academy","Lotus",NULL,"Yellow","Horror"
"384","Weekly","Universitas Jayabaya","Mercedes-Benz","Georgian","Goldenrod","Drama|Romance"
"385","Never",NULL,"Mercedes-Benz",NULL,"Fuscia","Horror|Thriller"
"386","Never","Chongqing University of Post and Telecommunication","Audi",NULL,"Crimson","Drama"
"387","Monthly",NULL,"Hummer","Bosnian","Red","Action|Adventure|Thriller"
"388","Once","Benguet State University","Chrysler",NULL,"Turquoise","Comedy"
"389","Monthly",NULL,"Audi",NULL,"Goldenrod","Adventure|Drama"
"390","Daily",NULL,"Chevrolet",NULL,"Turquoise","Comedy|Crime"
"391","Daily","Lincoln University","Porsche","Kazakh","Maroon","Comedy"
"392","Yearly",NULL,"Mitsubishi","Khmer","Aquamarine","Action|Adventure|Drama"
"393","Monthly","Andrew Jackson University","Pontiac",NULL,"Indigo","Drama|Romance"
"394","Weekly","Chongqing University of Technology","Chrysler",NULL,"Red","Crime|Drama|Film-Noir"
"395","Monthly","Inha University","Subaru","Chinese","Goldenrod","Comedy"
"396","Yearly",NULL,"Mercury",NULL,"Purple","Drama|Musical|Romance"
"397","Often","Universität Hohenheim","GMC",NULL,"Orange","Crime|Drama|Mystery"
"398","Daily",NULL,"Lexus",NULL,"Crimson","Documentary"
"399","Never",NULL,"Mercedes-Benz",NULL,"Blue","Comedy|Romance"
"400","Daily","Hansei University","Pontiac",NULL,"Fuscia","Comedy"
"401","Weekly","University of Nis","Cadillac",NULL,"Purple","Drama"
"402","Yearly","Mary Baldwin College","Chevrolet",NULL,"Aquamarine","Comedy|Sci-Fi"
"403","Often","University of Tennessee - Memphis","Lexus","Macedonian","Teal","Comedy|Crime|Drama"
"404","Weekly","Indiana University - East","Lincoln","Moldovan","Purple","Comedy"
"405","Never",NULL,"Volvo","Latvian","Khaki","Comedy"
"406","Yearly",NULL,"Cadillac",NULL,"Aquamarine","Adventure|Children"
"407","Weekly",NULL,"Mazda","Oriya","Teal","Drama"
"408","Daily","Erasmus University Rotterdam","Porsche","Norwegian","Mauv","Drama"
"409","Daily",NULL,"Mercury","Kazakh","Teal","Action|Comedy"
"410","Often",NULL,"Mitsubishi",NULL,"Indigo","Crime|Drama|Romance"
"411","Never",NULL,"Chevrolet","Dhivehi","Pink","Drama"
"412","Daily",NULL,"Volkswagen","Norwegian","Aquamarine","Romance|Western"
"413","Weekly",NULL,"Toyota",NULL,"Pink","Crime|Drama|Film-Noir|Romance"
"414","Once","University of Naples Federico II","Chrysler","Dutch","Maroon","Action"
"415","Often","Universidad de San Carlos de Guatemala","Volkswagen",NULL,"Orange","Comedy|Drama"
"416","Monthly","University of Sannio","Hummer","Gujarati","Red","Action|Comedy|Crime|Thriller"
"417","Once","Université d'Artois","Lexus",NULL,"Khaki","Documentary"
"418","Yearly",NULL,"Pontiac","Malay","Purple","Drama|Romance"
"419","Weekly","Liszt Ferenc Academy of Music Budapest","GMC",NULL,"Maroon","Drama"
"420","Daily","Hochschule Mittweida (FH)","Mercedes-Benz",NULL,"Orange","Documentary|Horror"
"421","Seldom","Columbia Union College","GMC",NULL,"Puce","Horror|Thriller"
"422","Seldom","Qurtuba University of Science and Infromation Tech","Dodge",NULL,"Pink","Drama|War"
"423","Never",NULL,"Ford",NULL,"Purple","Drama"
"424","Seldom","Queen's University","Toyota",NULL,"Fuscia","Comedy|Drama"
"425","Never","University of Benin","Suzuki",NULL,"Goldenrod","Drama"
"426","Seldom",NULL,"BMW",NULL,"Red","Drama"
"427","Often","Université du Droit et de la Sante (Lille II)","Mitsubishi","Polish","Fuscia","Mystery|Thriller"
"428","Never","Gettysburg College","Pontiac","Danish","Green","Drama|Sci-Fi|Thriller"
"429","Monthly","Kenyon College","Mazda",NULL,"Blue","Sci-Fi"
"430","Yearly",NULL,"Volkswagen","Swedish","Aquamarine","Drama|War"
"431","Daily",NULL,"Lexus",NULL,"Red","Crime|Drama"
"432","Never","Bauder College","Subaru","French","Yellow","Drama"
"433","Monthly","Liceo de Cagayan University","BMW",NULL,"Turquoise","Romance|Thriller"
"434","Seldom","Wirtschaftsuniversität Wien","Chevrolet","Kurdish","Aquamarine","Crime|Drama|Mystery"
"435","Yearly",NULL,"Isuzu",NULL,"Fuscia","Comedy|Western"
"436","Weekly",NULL,"BMW",NULL,"Orange","Drama"
"437","Once","Fukui University","Ford","Dhivehi","Indigo","Comedy|Drama"
"438","Never",NULL,"Oldsmobile",NULL,"Indigo","Drama|Thriller"
"439","Often","Thiagarajar College of Engineering","Chevrolet",NULL,"Turquoise","Drama"
"440","Once","National American University, Albuquerque","Buick",NULL,"Goldenrod","Drama"
"441","Once",NULL,"Saturn","Persian","Teal","Action|Adventure|Horror|Sci-Fi"
"442","Seldom","University of Applied Science and Technology","Ford","Kazakh","Violet","Adventure|Drama|Romance"
"443","Yearly","Macalester College","Mitsubishi","Czech","Green","Western"
"444","Weekly","Greenwich University","Isuzu","Japanese","Crimson","Comedy|Romance"
"445","Weekly","Katholische Stiftungsfachhochschule München","Mitsubishi","Māori","Green","Comedy"
"446","Daily","Ecole Nationale d'Ingénieurs des Travaux Agricoles","Audi",NULL,"Pink","Drama|Horror|Sci-Fi"
"447","Yearly","Ecole Nationale Supérieure d'Electronique et de Ra","Audi",NULL,"Crimson","Comedy|Drama|Romance"
"448","Daily",NULL,"Lincoln",NULL,"Aquamarine","Animation"
"449","Often",NULL,"GMC",NULL,"Turquoise","Action|Drama|Horror|Thriller"
"450","Weekly",NULL,"Nissan","Georgian","Teal","Documentary"
"451","Never",NULL,"Plymouth","Pashto","Yellow","Drama"
"452","Once","Mahatma Gandhi Chitrakut Gramoday University","Mercedes-Benz",NULL,"Teal","Comedy"
"453","Never",NULL,"Toyota","Montenegrin","Crimson","Drama"
"454","Never",NULL,"BMW","Māori","Maroon","Comedy|Crime|Musical"
"455","Daily",NULL,"Dodge","Dutch","Violet","Documentary"
"456","Monthly","John Carroll University","Mazda",NULL,"Red","Drama"
"457","Yearly",NULL,"Volkswagen","Italian","Green","Children|Comedy|Drama"
"458","Often","Engineering Faculty of Asian University","Mercedes-Benz",NULL,"Yellow","Action|Comedy|Romance|Western"
"459","Yearly","London School of Hygiene & Tropical Medicine, Univ","Oldsmobile",NULL,"Orange","Action|Fantasy|Thriller|IMAX"
"460","Once","Northern State Medical University","Hyundai",NULL,"Aquamarine","Comedy|Drama|Romance"
"461","Yearly","University of Houston, Downtown","Chevrolet",NULL,"Yellow","Drama"
"462","Weekly","Ajou University","Geo",NULL,"Aquamarine","Documentary"
"463","Never",NULL,"Mazda","English","Purple","Adventure"
"464","Daily",NULL,"GMC","Arabic","Violet","(no genres listed)"
"465","Seldom",NULL,"Mitsubishi",NULL,"Purple","Drama"
"466","Often","Bard College","Buick",NULL,"Indigo","Comedy|Drama|Romance"
"467","Once",NULL,"Toyota",NULL,"Fuscia","Comedy|Romance"
"468","Seldom",NULL,"Chrysler",NULL,"Red","Crime|Mystery"
"469","Monthly",NULL,"Peugeot",NULL,"Blue","Crime|Thriller"
"470","Monthly",NULL,"Dodge","Georgian","Puce","Action|Adventure|Drama|Thriller"
"471","Often","Universidad España de Durango","Toyota",NULL,"Puce","Horror|Thriller"
"472","Never",NULL,"Plymouth",NULL,"Blue","Action"
"473","Yearly","National Technical University (Kharkiv Polytechnic","Saab",NULL,"Pink","Adventure|Children|Comedy"
"474","Seldom",NULL,"Ford",NULL,"Purple","Comedy|Drama"
"475","Never",NULL,"Audi",NULL,"Goldenrod","Drama"
"476","Monthly",NULL,"Pontiac",NULL,"Teal","Documentary|IMAX"
"477","Weekly","American International University - Bangladesh","Pontiac","Zulu","Indigo","Adventure"
"478","Monthly","Hope Africa University","Ford",NULL,"Mauv","Comedy|Drama|Romance"
"479","Seldom","Fachhochschule Jena","Porsche",NULL,"Mauv","Drama"
"480","Never",NULL,"MINI",NULL,"Yellow","Comedy"
"481","Yearly",NULL,"BMW",NULL,"Turquoise","Drama|Romance"
"482","Daily","Gomel State Medical University","Saab","Croatian","Khaki","Adventure|Animation|Drama|Fantasy|Sci-Fi"
"483","Weekly","Abant Izzet Baysal University","Chevrolet",NULL,"Pink","Action|Adventure|Fantasy"
"484","Once",NULL,"Nissan","Dari","Pink","Drama"
"485","Daily",NULL,"Chevrolet",NULL,"Khaki","Adventure|Animation|Children|Comedy"
"486","Often",NULL,"Mazda",NULL,"Pink","Adventure|Animation|Children|Comedy"
"487","Never","University of New Hampshire - Manchester","Infiniti",NULL,"Red","Crime|Drama|Romance|Thriller"
"488","Never","International Higher School for Advanced Studies T","Mitsubishi","Tetum","Yellow","Drama"
"489","Monthly",NULL,"Ford",NULL,"Green","Drama"
"490","Seldom","Louisiana State University in Shreveport","Nissan",NULL,"Turquoise","Comedy|Drama"
"491","Weekly","Shihezi University ","Volvo",NULL,"Violet","Drama"
"492","Never","DeVry Institute of Technology","Lexus","Oriya","Yellow","Documentary"
"493","Never","Institute of Business Administration (IBA)","Mazda","Polish","Orange","Drama"
"494","Often",NULL,"Hyundai",NULL,"Teal","Drama|Horror|Thriller"
"495","Often",NULL,"Scion","Norwegian","Blue","Horror|Mystery|Sci-Fi"
"496","Monthly","Universidad Autónoma Metropolitana - Azcapotzalco","Chevrolet",NULL,"Fuscia","Drama"
"497","Once",NULL,"Pontiac","German","Blue","Drama"
"498","Monthly",NULL,"Infiniti","Aymara","Red","Adventure|Animation|Children|Comedy|Drama|Fantasy|"
"499","Once","University of Wales, Bangor","Mercedes-Benz",NULL,"Orange","Drama"
"500","Never",NULL,"Dodge",NULL,"Mauv","Comedy|Musical|Romance"
"501","Daily",NULL,"Ford","Dari","Blue","Drama"
"502","Daily",NULL,"Subaru",NULL,"Crimson","Drama|Fantasy|Thriller|War"
"503","Seldom",NULL,"Ford",NULL,"Red","Drama|Fantasy|Thriller"
"504","Daily",NULL,"Maybach",NULL,"Puce","Western"
"505","Monthly","Laurentian University of Sudbury","Lexus",NULL,"Red","Comedy|Musical"
"506","Weekly",NULL,"Ford","Filipino","Orange","Action|Animation"
"507","Often",NULL,"Volvo",NULL,"Pink","Documentary|War"
"508","Once",NULL,"Porsche",NULL,"Aquamarine","Documentary"
"509","Monthly",NULL,"Buick","Icelandic","Orange","Drama"
"510","Daily",NULL,"Eagle","Belarusian","Crimson","Comedy|Documentary|Drama"
"511","Yearly",NULL,"Mercury","Persian","Teal","(no genres listed)"
"512","Monthly",NULL,"Dodge","Malay","Fuscia","Horror"
"513","Yearly",NULL,"Volkswagen","Latvian","Orange","Romance"
"514","Weekly","Kyrgyz National University","Ford",NULL,"Violet","Drama"
"515","Seldom","University of Wisconsin - Madison","Pontiac",NULL,"Orange","Drama|Romance"
"516","Seldom","National Mining University","Kia",NULL,"Fuscia","Drama|Thriller"
"517","Monthly","Deakin University","Nissan",NULL,"Turquoise","Documentary"
"518","Yearly","Polytechnic University of Tirane","Chevrolet",NULL,"Turquoise","Children|Sci-Fi"
"519","Never",NULL,"Plymouth",NULL,"Fuscia","Drama"
"520","Daily",NULL,"BMW","Malayalam","Red","Comedy"
"521","Weekly","Instituto Politecnico do Porto","Audi","Aymara","Violet","Adventure|Drama"
"522","Never",NULL,"Toyota",NULL,"Crimson","Action|Drama|Thriller|War"
"523","Monthly","Georgia State University","Jeep",NULL,"Green","Comedy|Musical|Romance"
"524","Once",NULL,"Chrysler",NULL,"Crimson","Documentary"
"525","Monthly",NULL,"Chrysler","Chinese","Yellow","Adventure|Drama|Mystery|Thriller"
"526","Never",NULL,"Honda","Maltese","Maroon","Documentary"
"527","Weekly",NULL,"Chrysler","Swedish","Pink","Comedy|Drama"
"528","Daily","Ubonratchathani University","Hyundai",NULL,"Turquoise","Crime"
"529","Daily","Bauhaus Universität Weimar","Mitsubishi","Hiri Motu","Fuscia","Comedy|Drama"
"530","Monthly","Private Universität Witten/Herdecke","Chevrolet",NULL,"Maroon","Comedy"
"531","Seldom","University of Lethbridge","Ford",NULL,"Fuscia","Action|Thriller"
"532","Once","Burlington College","Chrysler","Māori","Red","Documentary"
"533","Often","Université Pierre Mendes-France (Grenoble II)","Infiniti",NULL,"Crimson","Drama|Thriller"
"534","Yearly",NULL,"Volkswagen",NULL,"Purple","Drama"
"535","Often","Institute of Teachers Education, Rajang","Acura","Dzongkha","Purple","Drama"
"536","Often",NULL,"Pontiac",NULL,"Fuscia","Crime|Drama|Thriller"
"537","Often",NULL,"Volvo","Malayalam","Red","Comedy"
"538","Yearly",NULL,"Lincoln","Azeri","Blue","Comedy"
"539","Often","Technological University (Kyaing Tong)","Kia",NULL,"Turquoise","Comedy"
"540","Once","Universitas Kristen Indonesia Tomohon","Volvo",NULL,"Aquamarine","Comedy|Crime"
"541","Once",NULL,"Aston Martin","Lao","Turquoise","Drama|Romance"
"542","Monthly","Universidad del Bajío","Jaguar",NULL,"Crimson","Comedy|Drama|Musical|Romance"
"543","Often",NULL,"Honda",NULL,"Violet","Adventure|Fantasy"
"544","Monthly",NULL,"Toyota","Amharic","Fuscia","Documentary"
"545","Weekly","Fachhochschule Niederrhein","Honda","Quechua","Aquamarine","Comedy|Crime|Drama|Romance"
"546","Often","Fachhochschule JOANNEUM","Nissan",NULL,"Goldenrod","Comedy"
"547","Weekly","Nara University of Education","Saturn","Kashmiri","Fuscia","Action|Sci-Fi"
"548","Yearly",NULL,"Mitsubishi","Kannada","Maroon","Horror|Thriller"
"549","Often",NULL,"Toyota",NULL,"Violet","Animation|Comedy"
"550","Yearly","Open University of Hong Kong","Lincoln","Northern Sotho","Yellow","Horror|Sci-Fi"
"551","Weekly",NULL,"Chevrolet",NULL,"Indigo","Comedy|Drama|Romance"
"552","Seldom","Ecole Nationale Supérieure des Mines de Paris","Volkswagen","Kyrgyz","Puce","Action|Adventure|Sci-Fi"
"553","Once",NULL,"Honda",NULL,"Green","Documentary"
"554","Never","Tianjin University of Finance & Economics","Mercury",NULL,"Blue","Drama"
"555","Weekly",NULL,"Chevrolet",NULL,"Orange","Romance"
"556","Weekly","Tyumen State University of Gas and Oil","Infiniti","Marathi","Crimson","Drama"
"557","Monthly",NULL,"Mazda",NULL,"Teal","Action|Adventure|Western"
"558","Never","University of Al-Qadisiyah","Mazda",NULL,"Teal","Horror|Mystery|Sci-Fi"
"559","Seldom",NULL,"GMC","Swedish","Blue","Drama|Romance"
"560","Never","University of Crete","Lexus","Italian","Mauv","Drama|Thriller|War"
"561","Monthly",NULL,"Chevrolet",NULL,"Orange","Comedy|Drama"
"562","Never",NULL,"Oldsmobile",NULL,"Orange","Drama"
"563","Once",NULL,"Toyota","Spanish","Red","Crime|Drama"
"564","Seldom",NULL,"Ford",NULL,"Blue","Horror"
"565","Once","University of Chester","Ford",NULL,"Red","Drama|Horror"
"566","Weekly",NULL,"Plymouth",NULL,"Purple","Action|Crime|Mystery"
"567","Often",NULL,"Chevrolet",NULL,"Violet","Action|Comedy|Crime"
"568","Often","Franklin College Switzerland","Bentley","Tswana","Orange","Comedy"
"569","Weekly","Universität für künstlerische und industrielle Ges","Volkswagen",NULL,"Maroon","Comedy|Drama"
"570","Monthly","Universidad Autónoma de Chapingo","Nissan",NULL,"Mauv","Crime|Drama|Mystery"
"571","Once","St. Petersburg State University of Aerospace Instr","Dodge",NULL,"Blue","Drama"
"572","Yearly","Houghton College","Dodge","Hungarian","Mauv","Comedy"
"573","Weekly","Fachhochschule Braunschweig/Wolfenbüttel","Saab","Bosnian","Purple","Action|Drama|Thriller|War"
"574","Once","State University of New York College of Technology","Land Rover",NULL,"Goldenrod","Crime|Drama|Mystery|Romance|Thriller"
"575","Yearly","Cavendish University","Suzuki",NULL,"Blue","Comedy|Drama"
"576","Never","Bauhaus Universität Weimar","Acura","Oriya","Red","Drama|Romance"
"577","Once","University of Wisconsin - Green Bay","Porsche","Tajik","Green","Horror|Mystery"
"578","Often","Pädagogische Hochschule Freiburg","Kia",NULL,"Violet","Action|Adventure|Comedy|Romance"
"579","Yearly",NULL,"Pontiac",NULL,"Goldenrod","Drama"
"580","Often",NULL,"Kia",NULL,"Puce","Drama|Romance"
"581","Weekly","Universidad Católica de Colombia","Chevrolet","Tetum","Fuscia","Drama"
"582","Once",NULL,"Volkswagen",NULL,"Orange","Drama"
"583","Often","Sichuan Agricultural University","Ford",NULL,"Teal","Documentary"
"584","Never","University College of the Fraser Valley","Porsche",NULL,"Mauv","Documentary"
"585","Often","University of Toledo","Subaru","Dutch","Purple","Action|Western"
"586","Weekly",NULL,"Toyota",NULL,"Yellow","Documentary"
"587","Monthly",NULL,"Ford",NULL,"Aquamarine","Mystery|Romance|Thriller"
"588","Weekly","Anhui Normal University","Dodge",NULL,"Pink","Crime|Drama"
"589","Monthly",NULL,"Chrysler","Northern Sotho","Yellow","Drama|Romance"
"590","Monthly","New Bulgarian University","Honda","Hebrew","Goldenrod","Drama"
"591","Monthly","Agricultural University of Szczecin","BMW","Māori","Green","Drama"
"592","Yearly","St. Thomas Aquinas College","Dodge",NULL,"Crimson","Drama"
"593","Daily",NULL,"Pontiac",NULL,"Pink","Drama"
"594","Weekly",NULL,"Isuzu",NULL,"Khaki","Comedy|Drama|Romance"
"595","Daily",NULL,"Lincoln",NULL,"Turquoise","Comedy|Romance"
"596","Weekly",NULL,"GMC","Guaraní","Yellow","Comedy|Crime|Drama"
"597","Never","Hanseo University","Mitsubishi",NULL,"Pink","Drama|Thriller"
"598","Yearly","Stavropol State University","Nissan",NULL,"Teal","Adventure|Children|Comedy|Fantasy"
"599","Weekly","Gandhi Institute of Technology and Managment","BMW",NULL,"Fuscia","Drama"
"600","Yearly",NULL,"Pontiac","Tajik","Crimson","Musical|Romance"
"601","Never","ITT Technical Institute Fort Wayne","Ford",NULL,"Green","Horror"
"602","Yearly","Shokei College","Hyundai",NULL,"Goldenrod","Drama|Romance"
"603","Often",NULL,"Ford",NULL,"Maroon","Adventure|Comedy|Romance"
"604","Yearly","University of Central Lancashire","Oldsmobile",NULL,"Fuscia","Comedy|Horror"
"605","Never",NULL,"Jaguar",NULL,"Maroon","Documentary"
"606","Once",NULL,"GMC",NULL,"Mauv","Comedy"
"607","Yearly","Nova Scotia College of Art and Design","Saturn",NULL,"Green","Adventure|Fantasy|IMAX"
"608","Once",NULL,"Toyota","Hungarian","Goldenrod","Crime|Drama"
"609","Weekly",NULL,"Subaru",NULL,"Red","Adventure|Animation|Fantasy"
"610","Yearly",NULL,"Pontiac","Hiri Motu","Fuscia","Drama"
"611","Never",NULL,"Jeep",NULL,"Mauv","Thriller"
"612","Monthly",NULL,"Volkswagen",NULL,"Purple","Drama"
"613","Monthly","Swedish University of Agricultural Sciences","Nissan","Italian","Teal","Documentary|Musical"
"614","Monthly","University of Texas Health Center at Tyler","Mazda",NULL,"Indigo","Drama|Romance"
"615","Daily",NULL,"Chevrolet","Burmese","Mauv","Adventure|Animation"
"616","Often",NULL,"Buick",NULL,"Mauv","Drama"
"617","Never",NULL,"Chevrolet",NULL,"Yellow","Documentary"
"618","Weekly","Beijing New Asia University","Mitsubishi","Tsonga","Violet","Fantasy|Horror"
"619","Seldom",NULL,"GMC","Tetum","Yellow","Adventure|Animation|Children"
"620","Often",NULL,"Isuzu","Haitian Creole","Khaki","Musical|Romance|War"
"621","Yearly",NULL,"Hyundai",NULL,"Khaki","Comedy|Drama|Romance"
"622","Yearly","Otto-von-Guericke Universität Magdeburg","Honda",NULL,"Red","Crime|Drama"
"623","Never","Yuan Ze University","Mazda",NULL,"Blue","Drama"
"624","Monthly",NULL,"Ford",NULL,"Aquamarine","Children|Comedy|Drama"
"625","Monthly","Christian Heritage College","Suzuki",NULL,"Purple","Comedy"
"626","Weekly","Damghan University of Basic Sciences","Volkswagen",NULL,"Crimson","Action"
"627","Daily","Eastern Michigan University","Dodge","Polish","Mauv","Horror|Mystery|Sci-Fi|Thriller"
"628","Weekly",NULL,"Nissan",NULL,"Indigo","Drama|Thriller"
"629","Monthly",NULL,"Toyota",NULL,"Pink","Comedy|Drama"
"630","Yearly","Al-Baath University","BMW",NULL,"Crimson","Drama"
"631","Monthly","Universidad Autónoma de Nayarit","Lexus",NULL,"Aquamarine","Animation|Comedy|Romance"
"632","Seldom",NULL,"Eagle",NULL,"Yellow","Comedy|Drama"
"633","Seldom",NULL,"Toyota",NULL,"Goldenrod","Romance|Thriller"
"634","Once","Toho College of Music","Chrysler",NULL,"Turquoise","Adventure|Romance"
"635","Yearly",NULL,"Mitsubishi",NULL,"Pink","Thriller"
"636","Often",NULL,"Oldsmobile","Indonesian","Khaki","Action|Crime|Drama|Thriller"
"637","Never","Hyupsung University","Audi",NULL,"Crimson","Children|Drama|War"
"638","Never",NULL,"Acura",NULL,"Crimson","Comedy|Western"
"639","Once","Bluefield College","Eagle",NULL,"Indigo","Action|Drama|War"
"640","Once",NULL,"Ford","Papiamento","Teal","Adventure|War"
"641","Daily","Mount St. Clare College","GMC",NULL,"Red","Action|Adventure|Drama|Thriller|Western"
"642","Often","Norwegian Teacher Academy for Studies in Religion ","BMW","Azeri","Green","Comedy"
"643","Daily","Yakutsk State University","Mazda",NULL,"Indigo","Drama"
"644","Never","Northwest University","Volvo","Tamil","Orange","Crime|Drama"
"645","Monthly",NULL,"Acura",NULL,"Aquamarine","Animation|Children|Comedy|Musical"
"646","Never","Moscow State Institute of International Relations ","Ford",NULL,"Blue","Drama|Romance"
"647","Monthly","Technological Education Institute of Halkida, Eubo","Subaru",NULL,"Green","Drama"
"648","Seldom",NULL,"Dodge",NULL,"Blue","Drama"
"649","Daily",NULL,"Infiniti","Greek","Indigo","Action|Western"
"650","Often","Kermanshah University of Technology","Saab",NULL,"Pink","Comedy|Horror|Thriller"
"651","Often",NULL,"Geo","Gujarati","Turquoise","Drama"
"652","Once","Divine Word College of Legazpi","Dodge",NULL,"Pink","Drama"
"653","Monthly",NULL,"Hyundai",NULL,"Purple","Horror|Sci-Fi"
"654","Monthly","College for Financial Planning","Pontiac",NULL,"Green","Action|Adventure|Animation|Children|Comedy|Sci-Fi"
"655","Daily",NULL,"Ford",NULL,"Blue","Drama"
"656","Never",NULL,"Porsche","Malagasy","Turquoise","Comedy|Horror|Thriller"
"657","Often",NULL,"Chevrolet","Tetum","Indigo","Documentary"
"658","Monthly","Universidad Finis Terrae","Ford",NULL,"Khaki","Adventure|Animation|Children|Comedy|IMAX"
"659","Daily",NULL,"Ford","French","Aquamarine","Comedy|Drama"
"660","Often",NULL,"Acura",NULL,"Crimson","Adventure|Drama|Romance|Western"
"661","Once","Universitas Ibn Chaldun Jakarta","Volvo",NULL,"Orange","Comedy"
"662","Yearly","Zhongnan University of Technology","Maserati","Hiri Motu","Puce","Comedy|Crime"
"663","Yearly","Buckinghamshire New University","GMC",NULL,"Khaki","Action|Adventure|Drama|Fantasy"
"664","Often","Université Shalom de Bunia","Toyota","Tok Pisin","Green","Romance"
"665","Daily","Universidade de Nova Iguaçu","Honda",NULL,"Indigo","Drama"
"666","Once","University of the West of England, Bristol","Honda",NULL,"Goldenrod","Comedy|Drama"
"667","Once","International University","Pontiac",NULL,"Khaki","Comedy|Crime"
"668","Never",NULL,"Subaru",NULL,"Pink","Comedy|Musical"
"669","Often","Universidade de Franca","Infiniti",NULL,"Turquoise","Documentary"
"670","Once",NULL,"Volkswagen",NULL,"Violet","Crime|Drama|Mystery|Thriller"
"671","Daily","National Pingtung Teachers College","Audi",NULL,"Mauv","Comedy|Musical"
"672","Seldom","Shimane University, Faculty of Medicine","Smart",NULL,"Purple","Drama|Thriller"
"673","Monthly",NULL,"Audi",NULL,"Purple","Horror"
"674","Once","Universidad de Buenos Aires","Jeep","Danish","Mauv","Musical|Romance"
"675","Often",NULL,"Mazda",NULL,"Green","Comedy"
"676","Yearly",NULL,"Chevrolet",NULL,"Fuscia","Horror|Mystery|Thriller"
"677","Often",NULL,"Mazda",NULL,"Turquoise","Thriller"
"678","Weekly",NULL,"BMW",NULL,"Goldenrod","Drama|Horror|Thriller"
"679","Often",NULL,"Mitsubishi",NULL,"Orange","Drama"
"680","Yearly","Akrofi-Christaller Institute of Theeology, Mission","Cadillac",NULL,"Blue","Thriller"
"681","Once","University of St. Thomas, St. Paul","Maybach",NULL,"Orange","Comedy|Sci-Fi"
"682","Seldom","Second University of Naples","Isuzu","Tsonga","Purple","Drama"
"683","Seldom",NULL,"Suzuki","Malayalam","Blue","Comedy"
"684","Once","Universidad Valle del Grijalva","Ford",NULL,"Orange","Horror|Thriller"
"685","Often",NULL,"Lexus","Lithuanian","Orange","Comedy"
"686","Monthly",NULL,"BMW",NULL,"Violet","Horror"
"687","Weekly","Kermanshah University of Technology","Cadillac",NULL,"Teal","Children|Comedy"
"688","Once","Gift University","Mercury",NULL,"Yellow","Drama"
"689","Daily",NULL,"Honda",NULL,"Puce","Action|Horror"
"690","Daily","Petru Maior University of Targu Mures","Toyota",NULL,"Crimson","Adventure|Animation|Children"
"691","Weekly","Clark University","Nissan",NULL,"Teal","Drama|Musical|Romance"
"692","Never",NULL,"Pontiac","Gujarati","Red","Comedy|Horror|Mystery"
"693","Monthly",NULL,"Nissan",NULL,"Maroon","Drama|Fantasy|Romance"
"694","Never","Keene State College","Lincoln",NULL,"Purple","Documentary"
"695","Daily","Marycrest International University","Suzuki","Swati","Crimson","Western"
"696","Daily",NULL,"Mercury",NULL,"Aquamarine","Comedy|Romance"
"697","Never","Khon Kaen University","Ford",NULL,"Blue","Drama"
"698","Never","Universidad Tecnológica de Honduras","Lincoln",NULL,"Green","Drama|Horror"
"699","Yearly",NULL,"Toyota",NULL,"Crimson","Comedy|War"
"700","Never","University of Livingstonia","Mercedes-Benz","Croatian","Green","Adventure|Children|Drama|Romance"
"701","Never","University of Sharjah","GMC","Belarusian","Goldenrod","Action|Drama"
"702","Seldom","University of Agriculture and Veterinary Medicine ","Toyota","Japanese","Teal","Romance"
"703","Never",NULL,"Nissan",NULL,"Maroon","Animation|Fantasy"
"704","Once","Ecole Normale Supérieure de Fontenay-Saint Cloud","Hyundai",NULL,"Maroon","Mystery|Romance|Thriller"
"705","Seldom","Universidad de Puerto Rico, Bayamon","Porsche",NULL,"Crimson","Drama"
"706","Never","Fachhochschule Kufstein (Tirol)","Suzuki",NULL,"Purple","Comedy|Drama|Romance"
"707","Yearly",NULL,"Infiniti",NULL,"Puce","Drama"
"708","Often","St. Petersburg State Polytechnical University","Mitsubishi",NULL,"Purple","Documentary|Drama"
"709","Seldom","University of New Hampshire","Honda",NULL,"Blue","Animation|Children"
"710","Weekly","Polish Open University in Warsaw (WSZ/POU)","Lotus","French","Purple","Horror"
"711","Never",NULL,"Chevrolet","Tetum","Puce","Drama"
"712","Monthly","Szent István University","Honda",NULL,"Yellow","Crime|Drama|Thriller"
"713","Monthly","Anglo-American University","Mazda",NULL,"Fuscia","Crime|Film-Noir|Thriller"
"714","Once","Sanjay Gandhi Postgraduate lnstitute of Medical Sc","Ford","Spanish","Red","Drama"
"715","Once",NULL,"Volkswagen",NULL,"Puce","Drama"
"716","Daily","Hashemite University","Volvo",NULL,"Puce","Drama|Thriller|War"
"717","Never","University of North Carolina at Chapel Hill","Mercury","Azeri","Mauv","Romance|Western"
"718","Yearly","Mekelle Institute of Technology","Chrysler",NULL,"Turquoise","Drama"
"719","Seldom",NULL,"Mitsubishi",NULL,"Violet","Comedy"
"720","Seldom",NULL,"Lamborghini",NULL,"Purple","Comedy|Drama"
"721","Once","Shanghai Customs College","Ford",NULL,"Violet","Drama|Romance"
"722","Once",NULL,"Toyota",NULL,"Turquoise","Comedy|Musical"
"723","Yearly",NULL,"Chevrolet",NULL,"Khaki","Horror"
"724","Seldom","Tilburg University","Audi",NULL,"Orange","Comedy|War"
"725","Once",NULL,"Honda",NULL,"Red","Action|Comedy"
"726","Never",NULL,"Chevrolet",NULL,"Purple","Drama|Horror|Sci-Fi"
"727","Once",NULL,"Mercedes-Benz",NULL,"Green","Comedy"
"728","Seldom",NULL,"GMC","Irish Gaelic","Puce","Drama|Romance|Thriller"
"729","Weekly",NULL,"Pontiac",NULL,"Turquoise","Crime|Mystery|Thriller"
"730","Never","University of Pittsburgh at Johnstown","Ford","Indonesian","Orange","Action|Drama|Mystery|Romance|Sci-Fi"
"731","Often",NULL,"Toyota",NULL,"Aquamarine","Drama|Fantasy|Romance|Sci-Fi"
"732","Never",NULL,"Buick",NULL,"Fuscia","Drama"
"733","Yearly","Technische Fachhochschule Berlin","Mitsubishi",NULL,"Fuscia","Adventure|Drama"
"734","Daily",NULL,"Mazda",NULL,"Purple","Horror|Thriller"
"735","Once","Hohai University Changzhou","Mercedes-Benz","Gujarati","Teal","Drama|Western"
"736","Yearly","The Curtis Institute of Music","Mazda",NULL,"Blue","Comedy"
"737","Once","Royal Danish Academy of Fine Arts, School of Archi","Chevrolet",NULL,"Maroon","Drama|Thriller"
"738","Daily",NULL,"Suzuki",NULL,"Maroon","(no genres listed)"
"739","Monthly","DeVry Institute of Technology, Columbus","Audi","Zulu","Red","Documentary"
"740","Yearly",NULL,"Aston Martin",NULL,"Aquamarine","Action|Drama|Horror"
"741","Often",NULL,"Ford",NULL,"Teal","Adventure"
"742","Monthly","Universitas Katolik Widya Karya","Suzuki","Yiddish","Red","Comedy|Drama"
"743","Once",NULL,"Honda",NULL,"Khaki","Drama|Romance|Sci-Fi"
"744","Weekly","Wesleyan College","Mitsubishi",NULL,"Teal","Drama|Romance"
"745","Monthly","National Institute of Technology, Durgapur","Lexus","Tamil","Purple","Action"
"746","Weekly","Ecole pour les Etudes et la Recherche en Informati","GMC","Northern Sotho","Yellow","Comedy|Drama"
"747","Monthly","Islamic Azad University, Kerman","Chevrolet",NULL,"Green","Adventure|Animation|Children|Fantasy|Musical"
"748","Daily","Zawiya Academy","Audi",NULL,"Khaki","Drama"
"749","Monthly",NULL,"Nissan",NULL,"Khaki","Drama|Fantasy|Romance"
"750","Once",NULL,"BMW","Dutch","Yellow","Comedy|Romance"
"751","Often",NULL,"Volkswagen",NULL,"Fuscia","Comedy|Drama|Romance"
"752","Once",NULL,"Buick",NULL,"Red","Comedy|Romance"
"753","Weekly",NULL,"Dodge","Danish","Puce","Action|Adventure|Drama"
"754","Once","Tbilisi State University","Hyundai","Dzongkha","Green","Action|Drama|Romance|Western"
"755","Once",NULL,"Mazda",NULL,"Goldenrod","Action|Comedy|Crime"
"756","Never","International School of New Media, University of L","Hyundai","Korean","Maroon","Drama|Mystery|Thriller"
"757","Yearly","Universidade do Grande Rio","Lincoln","Bengali","Fuscia","Documentary"
"758","Weekly","Beijing Medical University","Volvo",NULL,"Purple","Comedy|Documentary"
"759","Daily","Sohag University","Ford","Quechua","Khaki","Adventure|Comedy|Crime|Romance"
"760","Often","Wellesley College","Chevrolet",NULL,"Crimson","Adventure|Fantasy|Mystery|Romance|IMAX"
"761","Once",NULL,"Lamborghini","Swati","Turquoise","Comedy"
"762","Yearly",NULL,"Cadillac",NULL,"Fuscia","Comedy|Horror|Musical|Mystery|Romance"
"763","Weekly","Tashkent Islam University","Acura","Tok Pisin","Blue","Adventure"
"764","Yearly","European Business School","Isuzu",NULL,"Yellow","Drama|Horror|Mystery|Thriller"
"765","Yearly",NULL,"Jeep",NULL,"Turquoise","Drama|Romance"
"766","Monthly","Universidad Metropolitana de Honduras","Dodge",NULL,"Violet","Western"
"767","Often",NULL,"Infiniti",NULL,"Teal","Drama|Thriller"
"768","Often","University of Zenica","Audi","Montenegrin","Goldenrod","Drama|Fantasy"
"769","Often","Methodist College","Mazda","Guaraní","Puce","Comedy|Fantasy|Thriller"
"770","Seldom",NULL,"Toyota","Catalan","Khaki","Documentary"
"771","Daily","Universidad Insurgentes Plantel León","Hyundai",NULL,"Green","Action|Horror|Thriller"
"772","Often",NULL,"GMC",NULL,"Orange","Comedy"
"773","Daily","Flinders University of South Australia","Chevrolet","Romanian","Purple","Action|Romance|Western"
"774","Once","Ulaanbaatar University","Dodge","German","Fuscia","Drama"
"775","Seldom","City University of New York Medical School / Sophi","Buick",NULL,"Blue","Documentary|War"
"776","Seldom","University of Washington","Ford",NULL,"Indigo","Drama|Romance"
"777","Monthly","St. Petersburg State University of Information Tec","Mazda",NULL,"Yellow","Comedy|Romance"
"778","Never",NULL,"Mitsubishi","Macedonian","Goldenrod","Comedy|Drama|Romance"
"779","Monthly","Vyatka State Pedagogical University","Volvo","Yiddish","Violet","Crime|Fantasy|Film-Noir|Thriller"
"780","Yearly","Liepaja Pedagogical Higher School","Mitsubishi","English","Goldenrod","Drama|Thriller"
"781","Seldom","Fundación Universitaria de Boyacá","Volkswagen",NULL,"Purple","Drama"
"782","Daily","Troy University, Troy","Hyundai",NULL,"Indigo","Documentary"
"783","Once","Fujita Health University","Chevrolet",NULL,"Purple","Comedy"
"784","Yearly",NULL,"Isuzu",NULL,"Pink","Comedy|Drama"
"785","Once","Walla Walla College","Toyota",NULL,"Mauv","Adventure|Drama"
"786","Often",NULL,"Suzuki",NULL,"Purple","Comedy"
"787","Daily","University of Kurdistan","Lincoln","Haitian Creole","Indigo","Comedy|Drama"
"788","Once","North University of Baia Mare","Ram",NULL,"Fuscia","Horror|Thriller"
"789","Daily","Cheyney University of Pennsylvania","Mitsubishi","Swahili","Purple","Documentary"
"790","Never",NULL,"Chevrolet","Gujarati","Mauv","Comedy|Drama"
"791","Daily","Jomo Kenyatta University of Agriculture and Techno","Cadillac",NULL,"Teal","Drama|Romance"
"792","Yearly","St. Petersburg State Technological University of P","Isuzu",NULL,"Red","Documentary"
"793","Weekly",NULL,"Nissan","Tajik","Blue","Drama"
"794","Often",NULL,"Suzuki","Estonian","Purple","Action|Comedy|Crime|Drama|Thriller"
"795","Once","Sapporo Gakuin University","Volkswagen",NULL,"Maroon","Drama|Romance"
"796","Weekly","Nanjing Medical University","Rolls-Royce",NULL,"Mauv","Action|Adventure|Drama|Romance"
"797","Weekly",NULL,"Mitsubishi","Assamese","Puce","Comedy"
"798","Monthly",NULL,"Chevrolet",NULL,"Mauv","Drama"
"799","Yearly",NULL,"Ford","Hiri Motu","Teal","Drama|War"
"800","Seldom",NULL,"Mitsubishi",NULL,"Khaki","Comedy"
"801","Often","Universidad de Playa Ancha de Ciencias de la Educa","Maybach",NULL,"Turquoise","Comedy"
"802","Once",NULL,"Infiniti",NULL,"Blue","(no genres listed)"
"803","Daily",NULL,"GMC",NULL,"Puce","Horror|Thriller"
"804","Often","Yokohama College of Commerce","Jeep",NULL,"Fuscia","Documentary"
"805","Never","Tokyo Women's Medial College","Audi",NULL,"Yellow","Comedy|Romance"
"806","Daily",NULL,"Chrysler",NULL,"Violet","Crime|Film-Noir|Mystery"
"807","Seldom",NULL,"Toyota",NULL,"Green","Action|War"
"808","Monthly","Moscow State Textile University A.N. Kosygin","Mercedes-Benz",NULL,"Goldenrod","Crime|Drama|Thriller"
"809","Monthly",NULL,"Chevrolet","Czech","Purple","Comedy|Drama|Romance"
"810","Daily",NULL,"Chevrolet","Oriya","Purple","Comedy|Crime|Drama|Mystery|Romance"
"811","Seldom",NULL,"Chevrolet",NULL,"Crimson","Comedy|Drama"
"812","Weekly","University of Economics in Bratislava","Toyota",NULL,"Blue","Drama"
"813","Seldom","Spiru Haret University","Mercedes-Benz",NULL,"Aquamarine","Drama|Mystery|Sci-Fi"
"814","Never",NULL,"Mitsubishi","Dutch","Indigo","Children|Drama"
"815","Seldom","University of Lusaka","Geo","Punjabi","Khaki","Drama|War"
"816","Weekly","Universidad Intercontinental","Isuzu","Hebrew","Mauv","Crime|Drama"
"817","Yearly",NULL,"Honda","Icelandic","Indigo","Musical|War"
"818","Seldom",NULL,"Mitsubishi","Malagasy","Red","Comedy"
"819","Yearly",NULL,"Pontiac",NULL,"Purple","Drama|Mystery|Sci-Fi"
"820","Often","Pennsylvania Institute of Technology","BMW",NULL,"Mauv","Comedy"
"821","Daily","Malayer University","Scion",NULL,"Mauv","Drama|Film-Noir"
"822","Weekly","Rice University","Ford",NULL,"Red","Drama"
"823","Monthly",NULL,"Chevrolet",NULL,"Khaki","Crime|Horror"
"824","Daily","Ternopil State Ivan Pul'uj Technical University","GMC",NULL,"Mauv","Adventure|Animation|Children|Comedy|Fantasy"
"825","Weekly",NULL,"Subaru",NULL,"Indigo","Crime|Drama"
"826","Daily","Russian State Hydrometeorological University","Mercedes-Benz",NULL,"Puce","Drama|Romance"
"827","Once",NULL,"Ford",NULL,"Puce","Children|Comedy|Drama"
"828","Monthly",NULL,"Ford",NULL,"Orange","Animation|Children|Drama"
"829","Yearly","Misan University","Chevrolet",NULL,"Indigo","Comedy|Fantasy"
"830","Yearly",NULL,"Oldsmobile",NULL,"Indigo","Drama"
"831","Yearly","Vietnam National University Hanoi","Ford","French","Red","Comedy"
"832","Monthly","Alaska Bible College","Volvo",NULL,"Violet","Action|Adventure|Sci-Fi"
"833","Monthly","Université Gaston Berger Saint-Louis","Volvo","Burmese","Crimson","Drama"
"834","Monthly","Lorestan University","Buick",NULL,"Aquamarine","Action|Adventure|Crime|Drama|Mystery|Thriller"
"835","Monthly","Mälardalen University","Mitsubishi",NULL,"Aquamarine","Drama|Romance|Western"
"836","Weekly","Asa University Bangladesh","Buick",NULL,"Red","Action|Crime|Drama|Thriller"
"837","Yearly",NULL,"Acura",NULL,"Crimson","Comedy"
"838","Once",NULL,"Pontiac",NULL,"Turquoise","Action|Thriller"
"839","Yearly",NULL,"Audi",NULL,"Pink","Drama|Film-Noir|Mystery"
"840","Often",NULL,"Ford","Fijian","Turquoise","Documentary"
"841","Yearly",NULL,"Mazda",NULL,"Pink","Drama|War"
"842","Often","Hesser College","Ford","Swedish","Purple","Drama"
"843","Often","Parwan University","GMC",NULL,"Aquamarine","Horror"
"844","Monthly",NULL,"MINI",NULL,"Pink","Drama"
"845","Daily","Kandahar University","GMC",NULL,"Puce","Comedy|Drama"
"846","Once",NULL,"Mitsubishi",NULL,"Crimson","Crime|Mystery|Thriller"
"847","Monthly",NULL,"Dodge",NULL,"Maroon","Comedy|Drama"
"848","Daily","Emory & Henry College","GMC","Bosnian","Turquoise","Drama"
"849","Monthly",NULL,"Pontiac",NULL,"Yellow","Action|Adventure|Fantasy"
"850","Weekly",NULL,"Isuzu",NULL,"Khaki","Action|Comedy"
"851","Weekly","Corporación Universitaria de Ibagué (CORUNIVERSITA","Toyota",NULL,"Mauv","Documentary"
"852","Seldom","Universidad Pedagógica Nacional, Unidad León","GMC","Norwegian","Green","Drama|Romance"
"853","Never","Hungarian University of Physical Education","Cadillac","Polish","Purple","Drama"
"854","Daily",NULL,"Audi",NULL,"Puce","Comedy"
"855","Daily","Universidad de Cartago Florencio del Castillo","Lexus",NULL,"Crimson","Documentary|IMAX"
"856","Seldom",NULL,"Hyundai","Japanese","Puce","Action|Drama|Romance|Western"
"857","Seldom","Alabama Agricultural and Mechanical University","Nissan",NULL,"Purple","Thriller"
"858","Weekly",NULL,"Honda","Chinese","Yellow","Drama|Romance"
"859","Weekly","Southern California Institute of Architecture","Volkswagen",NULL,"Teal","Drama"
"860","Never","Universidad México Internacional","Buick",NULL,"Maroon","Romance"
"861","Daily","Universitas Trisakti","Ram",NULL,"Maroon","Comedy"
"862","Once",NULL,"Mercedes-Benz","Bengali","Blue","Drama|Romance"
"863","Monthly","University of Petra","Cadillac",NULL,"Red","Comedy|Documentary|Musical"
"864","Monthly","Kilis 7 Aralık University","Mercedes-Benz",NULL,"Fuscia","Drama|Mystery"
"865","Daily","Fushun Petroleum University","Volkswagen",NULL,"Blue","Comedy|Drama"
"866","Seldom",NULL,"Scion",NULL,"Yellow","Drama|Film-Noir|Thriller"
"867","Daily","Cambridge College","BMW",NULL,"Yellow","Documentary|Horror"
"868","Daily","Kanazawa Gakuin University","Pontiac",NULL,"Crimson","Comedy|Drama|Romance"
"869","Weekly","Physical Education Academy in Katowice","Mazda",NULL,"Mauv","Animation|Horror"
"870","Seldom","Ecole des Hautes Etudes Commerciales","Lexus",NULL,"Crimson","Drama"
"871","Monthly","Beijing University of Agriculture","Chevrolet",NULL,"Mauv","Drama|Romance"
"872","Never","Georgia Baptist College of Nursing","Mazda","Dhivehi","Teal","Drama"
"873","Never",NULL,"Lexus",NULL,"Purple","Crime|Drama|Romance"
"874","Once","Louisiana State University Health Sciences Center ","Dodge","Hiri Motu","Orange","Fantasy|Horror|Thriller"
"875","Seldom","COMSATS Institute of Information Technology, Attoc","Chevrolet",NULL,"Mauv","Drama"
"876","Seldom",NULL,"Mitsubishi",NULL,"Green","Crime|Drama"
"877","Seldom",NULL,"Geo",NULL,"Goldenrod","Children|Comedy"
"878","Once",NULL,"BMW","Zulu","Indigo","Comedy"
"879","Often","Polytechnic Ibadan","Dodge",NULL,"Maroon","Drama|Romance"
"880","Monthly",NULL,"Ford",NULL,"Green","Comedy|Crime"
"881","Once","Jingdezhen China Institute","Isuzu",NULL,"Pink","Action|War"
"882","Seldom",NULL,"Oldsmobile","Tamil","Goldenrod","Thriller|War"
"883","Daily","University of Southern Mindanao","Saturn",NULL,"Blue","Western"
"884","Seldom","College of the Holy Spirit","Ford",NULL,"Indigo","Comedy|Horror"
"885","Monthly",NULL,"Honda",NULL,"Puce","Comedy|Drama|Romance"
"886","Seldom",NULL,"Dodge",NULL,"Green","Action|Sci-Fi"
"887","Yearly","Stevens Institute of Technology","Volkswagen",NULL,"Goldenrod","Adventure"
"888","Often","Indian Institute of Technology, Bombay","Buick",NULL,"Aquamarine","Drama"
"889","Weekly",NULL,"Ford",NULL,"Goldenrod","Drama|War"
"890","Weekly","Cranbrook Academy of Art","Audi","Japanese","Violet","(no genres listed)"
"891","Once",NULL,"Toyota",NULL,"Blue","Comedy|Drama"
"892","Daily",NULL,"Hummer",NULL,"Violet","Comedy|Western"
"893","Monthly",NULL,"Cadillac",NULL,"Goldenrod","Fantasy|Horror"
"894","Weekly","Yamanashi Medical University","Dodge",NULL,"Fuscia","Drama|Romance"
"895","Monthly","University of Montana","Ford",NULL,"Yellow","Drama"
"896","Daily",NULL,"Ford","Estonian","Purple","Horror"
"897","Often","Shaikh Zayed University","Subaru",NULL,"Green","Animation|Children"
"898","Never","Masdar University Of Science And Technology","Honda",NULL,"Crimson","Drama"
"899","Never","Xi'an Highway University","Chrysler","Arabic","Indigo","Comedy|Drama"
"900","Seldom","Universidad Tecnológica de Pereira","Mitsubishi","Portuguese","Blue","Comedy|Drama|Horror"
"901","Weekly","International University of Business Agriculture a","Buick","Bislama","Khaki","Animation|Mystery|Sci-Fi"
"902","Weekly","Faculdade Jaguariúna","Chrysler",NULL,"Red","Comedy"
"903","Never",NULL,"Pontiac",NULL,"Aquamarine","Drama|Horror|Thriller"
"904","Once","Tashkent Automobile and Roads Institute","Lamborghini",NULL,"Aquamarine","Documentary"
"905","Never","Missouri Valley College","Nissan",NULL,"Fuscia","Action|Thriller"
"906","Weekly",NULL,"Mercury","Malagasy","Khaki","Drama"
"907","Daily",NULL,"Acura",NULL,"Yellow","Romance|Western"
"908","Weekly",NULL,"Toyota",NULL,"Pink","Comedy"
"909","Daily",NULL,"Ford",NULL,"Indigo","Adventure|Musical|Romance"
"910","Often",NULL,"Honda",NULL,"Puce","Horror"
"911","Seldom",NULL,"Pontiac",NULL,"Blue","Adventure|Comedy|Crime|Drama"
"912","Yearly","Union College","Mazda",NULL,"Goldenrod","Horror|Romance"
"913","Daily","Madawalabu University","Hyundai",NULL,"Yellow","Drama|War"
"914","Once",NULL,"Suzuki",NULL,"Khaki","Drama"
"915","Yearly","National Taiwan College of Arts","Mitsubishi",NULL,"Puce","Adventure|Drama|Sci-Fi"
"916","Once",NULL,"Dodge",NULL,"Teal","Comedy|Western"
"917","Once","Pwani University","Mercury",NULL,"Puce","Drama"
"918","Once","American University of Afghanistan","Honda","Swati","Aquamarine","Adventure|Fantasy"
"919","Monthly",NULL,"Ford",NULL,"Khaki","Crime|Drama|Mystery|Thriller"
"920","Yearly",NULL,"Chevrolet",NULL,"Fuscia","Drama|Romance"
"921","Seldom",NULL,"Hyundai","Estonian","Mauv","Comedy|Drama|Horror|Romance|Thriller"
"922","Yearly","Preston University, Pakistan Campus","Mercedes-Benz",NULL,"Mauv","Comedy"
"923","Seldom",NULL,"Volkswagen",NULL,"Puce","Drama|Musical|Romance"
"924","Monthly",NULL,"Isuzu",NULL,"Maroon","Documentary"
"925","Often","Wudanshan Taoist College ","Lincoln","Pashto","Khaki","Drama"
"926","Yearly",NULL,"Mercedes-Benz",NULL,"Violet","Drama"
"927","Weekly","Centre d'Etudes Supérieures Industrielles Paris","Dodge",NULL,"Yellow","Drama"
"928","Daily","Water Resources University","Chevrolet","Latvian","Mauv","Adventure|Drama|Romance"
"929","Often",NULL,"Oldsmobile","Malay","Crimson","Drama"
"930","Once",NULL,"Honda",NULL,"Red","Comedy|Drama|Romance"
"931","Monthly",NULL,"Ford","Hiri Motu","Goldenrod","Documentary"
"932","Often",NULL,"BMW",NULL,"Puce","Drama"
"933","Yearly",NULL,"Mercedes-Benz",NULL,"Mauv","Comedy|Crime"
"934","Monthly","Sultan Azlan Shah Polytechnic ","Dodge",NULL,"Maroon","Comedy"
"935","Yearly","Haramaya University","Ford","Punjabi","Teal","Horror|Thriller"
"936","Often",NULL,"Chevrolet",NULL,"Yellow","Comedy|Drama|Romance"
"937","Weekly","People's University of Bangladesh","Pontiac","Swahili","Indigo","Comedy|Documentary"
"938","Seldom",NULL,"Ford",NULL,"Green","Comedy"
"939","Once",NULL,"Toyota",NULL,"Goldenrod","Action|Crime|Fantasy|Thriller"
"940","Monthly",NULL,"Subaru",NULL,"Blue","Comedy|Fantasy|Horror|Romance"
"941","Once",NULL,"Mercedes-Benz",NULL,"Violet","Horror"
"942","Once","Chamreun University of Poly Technology","Dodge","Bulgarian","Puce","Documentary"
"943","Daily","Southern Illinois University at Edwardsville","BMW",NULL,"Puce","Drama|Romance"
"944","Daily","Universidad Tecnológica de Honduras","Chrysler","Assamese","Purple","Western"
"945","Often","Akademia Podlaska","Chevrolet","Portuguese","Orange","Drama"
"946","Never","Karunya Institute Of Technology ( Deemed Universit","GMC",NULL,"Teal","Comedy|Fantasy"
"947","Often","Scandinavian Art and Business Institute","Cadillac","Albanian","Pink","Comedy|Drama"
"948","Daily",NULL,"Lotus",NULL,"Teal","Drama"
"949","Weekly","Kyrgyz Russian Slavic University","Lexus",NULL,"Goldenrod","Documentary"
"950","Weekly","Sindh Madressatul Islam University","Mazda","Telugu","Indigo","Drama|War"
"951","Yearly","Université de Nantes","Dodge","Dutch","Violet","Horror|Thriller"
"952","Daily","Hendrix College","Mitsubishi",NULL,"Maroon","Comedy|Sci-Fi|Thriller"
"953","Seldom",NULL,"Ford","Tok Pisin","Teal","Drama"
"954","Yearly",NULL,"Chrysler",NULL,"Maroon","Comedy"
"955","Monthly",NULL,"Mercedes-Benz","Portuguese","Purple","Comedy"
"956","Daily",NULL,"Volkswagen",NULL,"Purple","Comedy"
"957","Weekly",NULL,"GMC",NULL,"Maroon","Crime|Drama|Thriller"
"958","Daily",NULL,"Ford",NULL,"Violet","Comedy"
"959","Monthly",NULL,"Chevrolet",NULL,"Maroon","Documentary"
"960","Yearly","University of Colorado at Colorado Springs","Ford",NULL,"Mauv","Drama"
"961","Daily","Tver State Technical University","Toyota",NULL,"Khaki","Comedy"
"962","Once","Jilin University of Technology","Ford",NULL,"Violet","Comedy"
"963","Never","Franklin College","Maserati","Chinese","Mauv","Documentary"
"964","Once",NULL,"Isuzu",NULL,"Maroon","Action|Animation|Children|Fantasy|Sci-Fi"
"965","Yearly",NULL,"Hyundai",NULL,"Turquoise","Action"
"966","Yearly","FTMS Global Academy","Volvo",NULL,"Pink","Animation|Documentary"
"967","Daily","Babasaheb Bhimrao Ambedkar University","Mercury",NULL,"Aquamarine","Comedy|Documentary"
"968","Never",NULL,"Mercedes-Benz",NULL,"Fuscia","Action|Crime|Drama|Mystery|Thriller"
"969","Yearly","Foundation University","GMC",NULL,"Purple","Musical"
"970","Once","Universidad Autónoma de Guerrero","Hyundai",NULL,"Maroon","Action|Thriller"
"971","Monthly","School of Banking and Management in Cracow","Lexus",NULL,"Indigo","Crime|Thriller"
"972","Daily","National Chi Nan University","Land Rover",NULL,"Yellow","Action"
"973","Once",NULL,"Chevrolet","Ndebele","Crimson","Adventure|Children|Drama"
"974","Never","Universitas Padjadjaran","Austin",NULL,"Violet","Comedy|Drama"
"975","Often","Zagazig University","Honda",NULL,"Puce","Documentary"
"976","Weekly","Arab Academy for Banking and Financial Sciences","Mitsubishi","Dari","Red","Comedy"
"977","Never",NULL,"Pontiac","Ndebele","Turquoise","Drama"
"978","Seldom","Université de Corse Pascal Paoli","Volkswagen","Malayalam","Pink","Action|Crime|Thriller"
"979","Daily","University of Seychelles","Saturn","Czech","Goldenrod","Comedy|Fantasy|Romance"
"980","Never","Vyatka State Pedagogical University","Bentley",NULL,"Purple","Documentary"
"981","Daily","Université d'Angers","Porsche","Dzongkha","Crimson","Animation|Children|Comedy|Crime"
"982","Yearly","Johnson C. Smith University","Dodge",NULL,"Aquamarine","Drama|Romance"
"983","Weekly",NULL,"Acura","Lao","Teal","Drama"
"984","Weekly","San Jose State University","Ford",NULL,"Khaki","Drama"
"985","Yearly",NULL,"MINI",NULL,"Teal","Comedy|Drama"
"986","Seldom","Concordia University, Portland","Toyota",NULL,"Pink","Documentary|Musical"
"987","Never","Maharishi Dayanand University, Rohtak (Haryana )","Toyota",NULL,"Khaki","Comedy|Drama"
"988","Weekly",NULL,"BMW",NULL,"Teal","Drama|Romance"
"989","Never",NULL,"Daihatsu",NULL,"Goldenrod","Comedy"
"990","Often","LICCSAL Business College","BMW",NULL,"Indigo","Drama|Romance"
"991","Never","Auchi Polytechnic","Suzuki",NULL,"Blue","Action|Adventure"
"992","Daily",NULL,"Alfa Romeo",NULL,"Teal","Drama"
"993","Yearly","Laikipia University","Pontiac","Danish","Teal","Documentary"
"994","Daily",NULL,"Ford","New Zealand Sign Language","Pink","Comedy|Drama"
"995","Never","College of Osteopathic Medicine of the Pacific (We","Mazda",NULL,"Indigo","Action|Drama|War|IMAX"
"996","Monthly","Universitas Sarjanawiyata Tamansiswa","Infiniti","Swati","Maroon","Action|Horror|Sci-Fi"
"997","Monthly","Fujita Health University","Chevrolet",NULL,"Violet","Documentary"
"998","Once","Kannada University","Acura",NULL,"Green","Drama|Romance"
"999","Daily","Korea National Open University","Volkswagen","Kashmiri","Red","Drama"
"1000","Monthly","Felician College","Ford","Estonian","Violet","Sci-Fi|Thriller"
